{
 "templeR0032": [
  [
   1.0,
   0.0,
   0.0,
   0.0
  ],
  [
   0.0,
   1.0,
   0.0,
   0.0
  ],
  [
   0.0,
   0.0,
   1.0,
   0.0
  ]
 ],
 "templeR0047": [
  [
   0.9999209260556872,
   -0.00393892386843786,
   -0.011942634328151385,
   0.23278936594993455
  ],
  [
   0.0033627388936077196,
   0.9988470485897069,
   -0.04788805185811195,
   0.97119776918841
  ],
  [
   0.012117492441536908,
   0.04784410520001872,
   0.9987813113863008,
   0.050833101657121814
  ]
 ],
 "templeR0033": [
  [
   0.999874732576895,
   0.009663652321357954,
   -0.012535269366655732,
   0.24657720615189427
  ],
  [
   -0.008566563394656659,
   0.9963611232839434,
   0.0848005070737432,
   -1.7230496997389695
  ],
  [
   0.013309137683863412,
   -0.08468250015304551,
   0.9963190959837824,
   0.06393897497231756
  ]
 ],
 "templeR0034": [
  [
   0.9997421407427166,
   0.02029225167493288,
   0.010191984356904774,
   -0.18937730965315125
  ],
  [
   -0.022002691752299557,
   0.976631248935273,
   0.21379262185300527,
   -4.346541469005318
  ],
  [
   -0.00561547672272774,
   -0.2139617445364708,
   0.9768258996853465,
   0.3418070968521403
  ]
 ],
 "templeR0035": [
  [
   0.9993098217972403,
   0.03691880792096781,
   0.004108732318208895,
   -0.07193738195599045
  ],
  [
   -0.036210328402460724,
   0.943463174014173,
   0.32949362876402966,
   -6.708097081512732
  ],
  [
   0.008288074357409917,
   -0.3294149979900687,
   0.9441488584554075,
   0.9956307674507135
  ]
 ],
 "templeR0046": [
  [
   0.9998212306171971,
   -0.01738414974192572,
   -0.007436272242450644,
   0.14400706887333306
  ],
  [
   0.015482656849895983,
   0.9784787401985643,
   -0.20576598921177144,
   4.142831039808147
  ],
  [
   0.010853301063819567,
   0.20561407130150597,
   0.9785729709831748,
   0.510274739756458
  ]
 ],
 "templeR0045": [
  [
   0.9992980390034415,
   -0.034596756071422534,
   -0.014369889116165283,
   0.2701614807844851
  ],
  [
   0.027345241256380985,
   0.9358133826078139,
   -0.35143356514816787,
   7.069735607174925
  ],
  [
   0.025605995870239394,
   0.35079392440784335,
   0.9361025347546269,
   1.3829098169378649
  ]
 ],
 "templeR0036": [
  [
   0.9985791485466385,
   0.052416103782961285,
   0.009603965435395649,
   -0.18106326522859706
  ],
  [
   -0.051194067950784905,
   0.8935864988782879,
   0.44596225897388897,
   -9.082516082953102
  ],
  [
   0.014793630200895927,
   -0.4458202789091782,
   0.8950002387814329,
   1.9635202568609236
  ]
 ],
 "templeR0044": [
  [
   0.9988238799899589,
   -0.04784347642221516,
   -0.007865019112562705,
   0.13680032549117294
  ],
  [
   0.03812657002013485,
   0.8752333971107882,
   -0.4821958784979492,
   9.701672778887161
  ],
  [
   0.0299536545400355,
   0.4813288920745836,
   0.8760281252528083,
   2.6152050282054504
  ]
 ],
 "templeR0037": [
  [
   0.997526333964965,
   0.06830136019148986,
   0.016617377723616295,
   -0.3268953136475899
  ],
  [
   -0.06574193590096389,
   0.8228040797861786,
   0.5645099150158597,
   -11.490133453020395
  ],
  [
   0.02488394885082612,
   -0.5642059645937927,
   0.825259000924181,
   3.3027279703518646
  ]
 ],
 "templeR0038": [
  [
   0.9962961455704663,
   0.08114339725226587,
   0.028455920364543863,
   -0.5619295642827069
  ],
  [
   -0.079379352902347,
   0.7406723721400441,
   0.6671606669170813,
   -13.58552522573504
  ],
  [
   0.03305916898890447,
   -0.6669484134704879,
   0.7443701398598429,
   4.93359077957494
  ]
 ],
 "templeR0043": [
  [
   0.998042226772493,
   -0.06252954823815407,
   -0.0013301038065196037,
   -0.0013661688111015358
  ],
  [
   0.049278691493926746,
   0.799283784362981,
   -0.5989299146135866,
   12.048149691949622
  ],
  [
   0.038513947391174363,
   0.5976917998864667,
   0.8008003422856572,
   4.154087930649428
  ]
 ],
 "templeR0039": [
  [
   0.9950180517014093,
   0.0898420074867545,
   0.043214470713887,
   -0.8591788087046234
  ],
  [
   -0.09120536429620862,
   0.6452861212734645,
   0.7584770287987919,
   -15.453250970559894
  ],
  [
   0.040257400710022505,
   -0.7586397269999756,
   0.6502654122014141,
   6.792299344699651
  ]
 ],
 "templeR0042": [
  [
   0.9970816339413365,
   -0.07585070292494275,
   0.008653676829348228,
   -0.20669656624413807
  ],
  [
   0.06004080251916231,
   0.7091034762026529,
   -0.7025434947888769,
   14.126696174948004
  ],
  [
   0.047152065593456985,
   0.7010127894005258,
   0.7115881897608789,
   5.975953057590975
  ]
 ],
 "templeR0013": [
  [
   -0.9956228977271677,
   0.09327425164361432,
   -0.005912656059803182,
   0.4893110914831507
  ],
  [
   -0.06725565252007355,
   -0.6710948240358312,
   0.7383145768278015,
   -15.267362883359356
  ],
  [
   0.06489778675314699,
   0.7354805579569322,
   0.6744305940138703,
   6.698132311941955
  ]
 ],
 "templeR0014": [
  [
   -0.9941194983490999,
   0.10656785111552358,
   -0.01922800329606547,
   0.7615154569006745
  ],
  [
   -0.07626038569564261,
   -0.5629027683187059,
   0.8229974647547154,
   -16.95979051406799
  ],
  [
   0.07688157500783743,
   0.8196241617520537,
   0.5677195230891369,
   8.861902925134414
  ]
 ],
 "templeR0015": [
  [
   -0.9920900501808784,
   0.12073617007596399,
   -0.0343527228540933,
   1.0725005911020251
  ],
  [
   -0.08409735200450957,
   -0.4361041805624245,
   0.8959580230578919,
   -18.405946976029124
  ],
  [
   0.09319317420246967,
   0.8917600130816385,
   0.4428082105728214,
   11.401910617762688
  ]
 ],
 "templeR0016": [
  [
   -0.9908974835005679,
   0.12323627092141591,
   -0.05417562848389447,
   1.4743758770621505
  ],
  [
   -0.08986202752860968,
   -0.3058782676509805,
   0.9478202896051986,
   -19.423309202231874
  ],
  [
   0.10023469060504438,
   0.9440610715987703,
   0.3141682668429333,
   14.051116090818054
  ]
 ],
 "templeR0017": [
  [
   -0.9894904484437901,
   0.12717547329220405,
   -0.06881170998755394,
   1.7649488054377778
  ],
  [
   -0.0926062346318127,
   -0.1918694184839821,
   0.9770415608140405,
   -20.003945744443115
  ],
  [
   0.11105286014247896,
   0.973145685518629,
   0.20163019865747434,
   16.288161851465922
  ]
 ],
 "templeR0018": [
  [
   -0.9900608451684229,
   0.11378216808906805,
   -0.08266281563883131,
   2.0300717839024105
  ],
  [
   -0.09228818218948764,
   -0.08209647170245549,
   0.9923422095034393,
   -20.311004678683933
  ],
  [
   0.10612452257865891,
   0.9901079676272477,
   0.09178125161759743,
   18.559482220096157
  ]
 ],
 "templeR0019": [
  [
   -0.9890759655292073,
   0.11303638212188272,
   -0.09461242375746456,
   2.2664786606736707
  ],
  [
   -0.09548384589902661,
   -0.0023080406979735235,
   0.995428303857424,
   -20.42188452358531
  ],
  [
   0.11230124480519915,
   0.993588168843074,
   0.013075976073338769,
   20.102188263573154
  ]
 ],
 "templeR0020": [
  [
   -0.9883507857372903,
   0.10948060544334721,
   -0.10572001401929126,
   2.487347611156541
  ],
  [
   -0.09842756484614527,
   0.0700124562760781,
   0.9926783318097806,
   -20.426455112523804
  ],
  [
   0.11608074263605861,
   0.9915201727639983,
   -0.05842095678018855,
   21.592478021312054
  ]
 ],
 "templeR0021": [
  [
   -0.9862579305174151,
   0.1152204550935032,
   -0.11840414359114135,
   2.752844744922864
  ],
  [
   -0.09864174728578667,
   0.16424596503398747,
   0.9814749455092888,
   -20.2285412643334
  ],
  [
   0.1325333927126013,
   0.9796670402223913,
   -0.15062333855676924,
   23.439728076304934
  ]
 ],
 "templeR0022": [
  [
   -0.9798882906583067,
   0.14116062368223267,
   -0.14104118601452845,
   3.2392595360544516
  ],
  [
   -0.10068310070307807,
   0.2604920893813918,
   0.9602118436066759,
   -19.815099230126048
  ],
  [
   0.17228421594433882,
   0.9551008060363894,
   -0.24104065890443482,
   25.267887308679757
  ]
 ],