{
 "templeR0013": [
  [
   1.0,
   0.0,
   0.0,
   0.0
  ],
  [
   0.0,
   1.0,
   0.0,
   0.0
  ],
  [
   0.0,
   0.0,
   1.0,
   0.0
  ]
 ],
 "templeR0042": [
  [
   -0.9998474314100422,
   -0.009195563812719625,
   0.01485111136941366,
   0.018584824011894614
  ],
  [
   0.010132054209695741,
   -0.9978813441815273,
   0.06426635520985743,
   -0.9990612396661518
  ],
  [
   0.014228681605557552,
   0.06440702244813049,
   0.9978222687829398,
   0.03913110927611027
  ]
 ],
 "templeR0044": [
  [
   -0.9991512808402986,
   -0.04033211319554378,
   0.008368909150701551,
   0.09287716548504284
  ],
  [
   0.04059686938499138,
   -0.9298055419994861,
   0.3658053420375104,
   -4.520658314201117
  ],
  [
   -0.006972244353778961,
   0.3658346275466879,
   0.9306537557526151,
   0.7136606478618367
  ]
 ],
 "templeR0032": [
  [
   -0.984606961654134,
   0.06634785394251747,
   0.161700628753994,
   -1.6164497625697078
  ],
  [
   0.08089093881765269,
   -0.6471296020891479,
   0.7580764698347652,
   -9.073762308960326
  ],
  [
   0.15493801044099342,
   0.7594874853328152,
   0.6318013711154976,
   4.0284886279646095
  ]
 ],
 "templeR0034": [
  [
   -0.9825273791968447,
   0.06393924553554027,
   0.17479050892118145,
   -1.7693719685156202
  ],
  [
   0.11244121251482174,
   -0.5444586649767236,
   0.8312170209156935,
   -9.963632795898938
  ],
  [
   0.14831359633147737,
   0.8363471378632856,
   0.5277561388852934,
   5.166832688740765
  ]
 ],
 "templeR0036": [
  [
   -0.9841281552294147,
   0.01835300088476878,
   0.17650762432051742,
   -1.8161354834948895
  ],
  [
   0.15811420888165412,
   -0.3609059035281815,
   0.9191010965874403,
   -11.005932464687191
  ],
  [
   0.0805709068738704,
   0.9324216300349485,
   0.3522757908350944,
   7.37006322876186
  ]
 ],
 "templeR0038": [
  [
   -0.9809532145700792,
   -0.00589778013103176,
   0.1941545956555088,
   -2.0320977374551488
  ],
  [
   0.19367718271840995,
   -0.10601135945299178,
   0.9753208398066702,
   -11.635060029984027
  ],
  [
   0.014830364759093453,
   0.9943474281439333,
   0.10513444927642746,
   10.272649146250858
  ]
 ],
 "templeR0015": [
  [
   0.9991055761473187,
   -0.04150551766100467,
   -0.008083298523897801,
   0.0878157547684934
  ],
  [
   0.04199067785277974,
   0.9513205776799415,
   0.30532923452589095,
   -3.5868459517662656
  ],
  [
   -0.004983039714721519,
   -0.3053955639599149,
   0.9522125386849342,
   0.5016869179796275
  ]
 ],
 "templeR0017": [
  [
   0.9966001888863203,
   -0.07993378026371846,
   -0.01996632876875902,
   0.22416428487840656
  ],
  [
   0.07759735879947226,
   0.8292059896130087,
   0.5535305562453231,
   -6.518682575158404
  ],
  [
   -0.02768959044653,
   -0.5531979912858166,
   0.8325894961013146,
   1.857034213113959
  ]
 ],
 "templeR0019": [
  [
   0.9880616154866722,
   -0.15374684088022977,
   -0.009805759594073725,
   0.12716887424080184
  ],
  [
   0.10798918975958888,
   0.6457915051028745,
   0.7558383867150645,
   -8.91971084113078
  ],
  [
   -0.1098752879265168,
   -0.7478738134580681,
   0.6546847945742682,
   3.8636355543517356
  ]
 ],
 "templeR0021": [
  [
   0.987028015534726,
   -0.1489655328999111,
   -0.059874590248503716,
   0.7003202521166748
  ],
  [
   0.12334068581369069,
   0.4648385866498917,
   0.8767623187525451,
   -10.39193388547239
  ],
  [
   -0.10277534613217876,
   -0.8727739445980136,
   0.47718221871548633,
   5.990166700230254
  ]
 ]
}