{
 "templeR0013": [
  [
   0.9999999980543973,
   -6.182395962429945e-05,
   -8.306828955561242e-06,
   1.0917452070805478e-06
  ],
  [
   6.182375441660782e-05,
   0.9999999977838302,
   -2.470147975160055e-05,
   -1.989867033313644e-06
  ],
  [
   8.308356080412286e-06,
   2.4700966144196846e-05,
   0.9999999996604167,
   -1.1492921773071952e-05
  ]
 ],
 "templeR0042": [
  [
   -0.9998470379553956,
   -0.009192063490169166,
   0.014879739937724725,
   0.018591536618969746
  ],
  [
   0.010130383247111671,
   -0.9978814593945363,
   0.06426482966519795,
   -0.9990698769784108
  ],
  [
   0.01425749021000051,
   0.06440573705364272,
   0.9978219405322216,
   0.0390304634098713
  ]
 ],
 "templeR0044": [
  [
   -0.9991478394420406,
   -0.0404220978637795,
   0.008345594202535882,
   0.09286156486471507
  ],
  [
   0.04067223468142434,
   -0.9298103170397095,
   0.3657848324528152,
   -4.5206373633839005
  ],
  [
   -0.007025970703149237,
   0.36581255901186055,
   0.9306620264117754,
   0.7137085921325926
  ]
 ],
 "templeR0032": [
  [
   -0.9846087680433366,
   0.0666605005493796,
   0.16156098402364646,
   -1.6164307850679889
  ],
  [
   0.08058719268326271,
   -0.6471098882598718,
   0.7581256471665675,
   -9.073945833612113
  ],
  [
   0.15508474543814252,
   0.7594769056283425,
   0.6317780872660781,
   4.0283419898413895
  ]
 ],
 "templeR0034": [
  [
   -0.9825520348338623,
   0.06378316666524188,
   0.1747089193315286,
   -1.7693535014029305
  ],
  [
   0.11242098045721001,
   -0.5446535873540279,
   0.831092048413067,
   -9.963193883769831
  ],
  [
   0.14816552229475044,
   0.8362321313083718,
   0.5279799244010903,
   5.16714334948704
  ]
 ],
 "templeR0036": [
  [
   -0.9840922105866433,
   0.01827219138451365,
   0.1767162926407787,
   -1.8161414076530522
  ],
  [
   0.15837353558482403,
   -0.36048983344317787,
   0.9192197252074568,
   -11.006197975088117
  ],
  [
   0.08050058564418089,
   0.9325841554552154,
   0.35186140553465983,
   7.36988085901044
  ]
 ],
 "templeR0038": [
  [
   -0.9809971801966763,
   -0.00579228730564052,
   0.1939355095229827,
   -2.0321670150612903
  ],
  [
   0.19344417544348289,
   -0.10628362797886337,
   0.975337450019552,
   -11.635250334402384
  ],
  [
   0.01496273481556798,
   0.9943189829382821,
   0.10538442359010924,
   10.27269276374998
  ]
 ],
 "templeR0015": [
  [
   0.9991063465079477,
   -0.041482378983745245,
   -0.008106824371454801,
   0.08781290385763076
  ],
  [
   0.04197582445448992,
   0.9513208758333529,
   0.30533034792668096,
   -3.5868480540078242
  ],
  [
   -0.004953637946653828,
   -0.3053977790317263,
   0.9522119816687785,
   0.5016801102199865
  ]
 ],
 "templeR0017": [
  [
   0.9965879213542055,
   -0.08010598224297207,
   -0.019888353873372358,
   0.2241724270676688
  ],
  [
   0.07769842678361154,
   0.8292144121806473,
   0.5535037606983851,
   -6.5186602780716605
  ],
  [
   -0.027847252759573934,
   -0.5531604561434161,
   0.8326091761882956,
   1.857066565942765
  ]
 ],
 "templeR0019": [
  [
   0.9880820070002949,
   -0.15361376356973933,
   -0.009836619551938687,
   0.12716605895375308
  ],
  [
   0.10792379627053589,
   0.6457922703009402,
   0.7558470730366781,
   -8.919714117016989
  ],
  [
   -0.10975610069980266,
   -0.7479004982358936,
   0.6546743030680807,
   3.8636305915822224
  ]
 ],
 "templeR0021": [
  [
   0.9870198837508906,
   -0.14901984195100923,
   -0.059873498188054305,
   0.7003196143749205
  ],
  [
   0.12336407923854416,
   0.4648215022114129,
   0.8767680850918056,
   -10.391952137676132
  ],
  [
   -0.10282535209764619,
   -0.8727737723985647,
   0.4771717606681826,
   5.990158118893597
  ]
 ]
}